0_cdcase_0.jpg,1
1_cdcase_1.jpg,1
2_cdcase_0.jpg,2
3_cdcase_1.jpg,2
4_cdcase_0.jpg,3
5_cdcase_1.jpg,3
6_cdcase_0.jpg,4
7_cdcase_1.jpg,4
8_cdcase_0.jpg,5
9_cdcase_1.jpg,5
10_cdcase_0.jpg,6
11_cdcase_1.jpg,6
12_cdcase_0.jpg,7
13_cdcase_1.jpg,7
14_cdcase_0.jpg,8
15_cdcase_1.jpg,8
16_cdcase_0.jpg,9
17_cdcase_1.jpg,9
18_cdcase_0.jpg,10
19_cdcase_1.jpg,10
20_cdcase_0.jpg,11
21_cdcase_1.jpg,11
22_cdcase_0.jpg,12
23_cdcase_1.jpg,12
24_cdcase_0.jpg,13
25_cdcase_1.jpg,13
26_cdcase_0.jpg,14
27_cdcase_1.jpg,14
28_cdcase_0.jpg,15
29_cdcase_1.jpg,15
30_cdcase_0.jpg,16
31_cdcase_1.jpg,16
32_cdcase_0.jpg,18
33_cdcase_1.jpg,18
34_cdcase_0.jpg,19
35_cdcase_1.jpg,19
36_cdcase_0.jpg,20
37_cdcase_1.jpg,20
38_cdcase_0.jpg,21
39_cdcase_1.jpg,21
40_cdcase_0.jpg,22
41_cdcase_1.jpg,22
42_cdcase_0.jpg,23
43_cdcase_1.jpg,23
44_cdcase_0.jpg,24
45_cdcase_1.jpg,24
46_cdcase_0.jpg,25
47_cdcase_1.jpg,25
48_cdcase_0.jpg,26
49_cdcase_1.jpg,26
50_cdcase_0.jpg,28
51_cdcase_1.jpg,28
52_cdcase_0.jpg,29
53_cdcase_1.jpg,29
54_cdcase_0.jpg,30
55_cdcase_1.jpg,30
56_cdcase_0.jpg,31
57_cdcase_1.jpg,31
58_cdcase_0.jpg,32
59_cdcase_1.jpg,32
60_cdcase_0.jpg,34
61_cdcase_1.jpg,34
62_cdcase_0.jpg,35
63_cdcase_1.jpg,35
64_cdcase_0.jpg,36
65_cdcase_1.jpg,36
66_cdcase_0.jpg,38
67_cdcase_1.jpg,38
68_cdcase_0.jpg,39
69_cdcase_1.jpg,39
70_cdcase_0.jpg,40
71_cdcase_1.jpg,40
72_cdcase_0.jpg,42
73_cdcase_1.jpg,42
74_cdcase_0.jpg,43
75_cdcase_1.jpg,43
76_cdcase_0.jpg,44
77_cdcase_1.jpg,44
78_cdcase_0.jpg,45
79_cdcase_1.jpg,45
80_cdcase_0.jpg,46
81_cdcase_1.jpg,46
82_cdcase_0.jpg,47
83_cdcase_1.jpg,47
84_cdcase_0.jpg,48
85_cdcase_1.jpg,48
86_cdcase_0.jpg,49
87_cdcase_1.jpg,49
88_cdcase_0.jpg,50
89_cdcase_1.jpg,50
90_cdcase_0.jpg,51
91_cdcase_1.jpg,51
92_cdcase_0.jpg,52
93_cdcase_1.jpg,52
94_cdcase_0.jpg,53
95_cdcase_1.jpg,53
96_cdcase_0.jpg,54
97_cdcase_1.jpg,54
98_cdcase_0.jpg,56
99_cdcase_1.jpg,56
100_cdcase_0.jpg,57
101_cdcase_1.jpg,57
102_cdcase_0.jpg,58
103_cdcase_1.jpg,58
104_cdcase_0.jpg,59
105_cdcase_1.jpg,59
106_cdcase_0.jpg,60
107_cdcase_1.jpg,60
108_cdcase_0.jpg,63
109_cdcase_1.jpg,63
110_cdcase_0.jpg,64
111_cdcase_1.jpg,64
112_cerealbox_0.jpg,65
113_cerealbox_1.jpg,65
114_cerealbox_0.jpg,66
115_cerealbox_1.jpg,66
116_cerealbox_0.jpg,67
117_cerealbox_1.jpg,67
118_cerealbox_0.jpg,68
119_cerealbox_1.jpg,68
120_cerealbox_0.jpg,69
121_cerealbox_1.jpg,69
122_cerealbox_0.jpg,70
123_cerealbox_1.jpg,70
124_cerealbox_0.jpg,71
125_cerealbox_1.jpg,71
126_cerealbox_0.jpg,72
127_cerealbox_1.jpg,72
128_cerealbox_0.jpg,73
129_cerealbox_1.jpg,73
130_cerealbox_0.jpg,74
131_cerealbox_1.jpg,74
132_cerealbox_0.jpg,75
133_cerealbox_1.jpg,75
134_cerealbox_0.jpg,76
135_cerealbox_1.jpg,76
136_cerealbox_0.jpg,77
137_cerealbox_1.jpg,77
138_cerealbox_0.jpg,79
139_cerealbox_1.jpg,79
140_cerealbox_0.jpg,80
141_cerealbox_1.jpg,80
142_cerealbox_0.jpg,81
143_cerealbox_1.jpg,81
144_cerealbox_0.jpg,82
145_cerealbox_1.jpg,82
146_cerealbox_0.jpg,83
147_cerealbox_1.jpg,83
148_cerealbox_0.jpg,84
149_cerealbox_1.jpg,84
150_cerealbox_0.jpg,85
151_cerealbox_1.jpg,85
152_cerealbox_0.jpg,86
153_cerealbox_1.jpg,86
154_cerealbox_0.jpg,87
155_cerealbox_1.jpg,87
156_cerealbox_0.jpg,88
157_cerealbox_1.jpg,88
158_cerealbox_0.jpg,89
159_cerealbox_1.jpg,89
160_cerealbox_0.jpg,90
161_cerealbox_1.jpg,90
162_cerealbox_0.jpg,91
163_cerealbox_1.jpg,91
164_cerealbox_0.jpg,92
165_cerealbox_1.jpg,92
166_cerealbox_0.jpg,93
167_cerealbox_1.jpg,93
168_cerealbox_0.jpg,94
169_cerealbox_1.jpg,94
170_cerealbox_0.jpg,95
171_cerealbox_1.jpg,95
172_cerealbox_0.jpg,96
173_cerealbox_1.jpg,96
174_cerealbox_0.jpg,97
175_cerealbox_1.jpg,97
176_cerealbox_0.jpg,98
177_cerealbox_1.jpg,98
178_cerealbox_0.jpg,99
179_cerealbox_1.jpg,99
180_cerealbox_0.jpg,100
181_cerealbox_1.jpg,100
182_cerealbox_0.jpg,101
183_cerealbox_1.jpg,101
184_cerealbox_0.jpg,102
185_cerealbox_1.jpg,102
186_cerealbox_0.jpg,103
187_cerealbox_1.jpg,103
188_cerealbox_0.jpg,104
189_cerealbox_1.jpg,104
190_cerealbox_0.jpg,105
191_cerealbox_1.jpg,105
192_cerealbox_0.jpg,106
193_cerealbox_1.jpg,106
194_cerealbox_0.jpg,107
195_cerealbox_1.jpg,107
196_cerealbox_0.jpg,108
197_cerealbox_1.jpg,108
198_cerealbox_0.jpg,109
199_cerealbox_1.jpg,109
200_cerealbox_0.jpg,110
201_cerealbox_1.jpg,110
202_cerealbox_0.jpg,111
203_cerealbox_1.jpg,111
204_cerealbox_0.jpg,112
205_cerealbox_1.jpg,112
206_cerealbox_0.jpg,113
207_cerealbox_1.jpg,113
208_cerealbox_0.jpg,114
209_cerealbox_1.jpg,114
210_cerealbox_0.jpg,115
211_cerealbox_1.jpg,115
212_cerealbox_0.jpg,116
213_cerealbox_1.jpg,116
214_cerealbox_0.jpg,117
215_cerealbox_1.jpg,117
216_cerealbox_0.jpg,118
217_cerealbox_1.jpg,118
218_cerealbox_0.jpg,119
219_cerealbox_1.jpg,119
220_cerealbox_0.jpg,120
221_cerealbox_1.jpg,120
222_cerealbox_0.jpg,121
223_cerealbox_1.jpg,121
224_coil_0.jpg,122
225_coil_1.jpg,122
226_coil_0.jpg,123
227_coil_1.jpg,123
228_coil_0.jpg,124
229_coil_1.jpg,124
230_coil_0.jpg,125
231_coil_1.jpg,125
232_coil_0.jpg,126
233_coil_1.jpg,126
234_coil_0.jpg,127
235_coil_1.jpg,127
236_coil_0.jpg,128
237_coil_1.jpg,128
238_coil_0.jpg,129
239_coil_1.jpg,129
240_coil_0.jpg,130
241_coil_1.jpg,130
242_coil_0.jpg,131
243_coil_1.jpg,131
244_coil_0.jpg,132
245_coil_1.jpg,132
246_coil_0.jpg,133
247_coil_1.jpg,133
248_coil_0.jpg,134
249_coil_1.jpg,134
250_coil_0.jpg,135
251_coil_1.jpg,135
252_coil_0.jpg,136
253_coil_1.jpg,136
254_coil_0.jpg,137
255_coil_1.jpg,137
256_coil_0.jpg,139
257_coil_1.jpg,139
258_coil_0.jpg,140
259_coil_1.jpg,140
260_coil_0.jpg,141
261_coil_1.jpg,141
262_coil_0.jpg,142
263_coil_1.jpg,142
264_coil_0.jpg,143
265_coil_1.jpg,143
266_coil_0.jpg,144
267_coil_1.jpg,144
268_coil_0.jpg,145
269_coil_1.jpg,145
270_coil_0.jpg,146
271_coil_1.jpg,146
272_coil_0.jpg,147
273_coil_1.jpg,147
274_coil_0.jpg,148
275_coil_1.jpg,148
276_coil_0.jpg,149
277_coil_1.jpg,149
278_coil_0.jpg,150
279_coil_1.jpg,150
280_coil_0.jpg,151
281_coil_1.jpg,151
282_coil_0.jpg,152
283_coil_1.jpg,152
284_coil_0.jpg,153
285_coil_1.jpg,153
286_coil_0.jpg,154
287_coil_1.jpg,154
288_coil_0.jpg,155
289_coil_1.jpg,155
290_coil_0.jpg,156
291_coil_1.jpg,156
292_coil_0.jpg,157
293_coil_1.jpg,157
294_coil_0.jpg,158
295_coil_1.jpg,158
296_coil_0.jpg,159
297_coil_1.jpg,159
298_coil_0.jpg,161
299_coil_1.jpg,161
300_coil_0.jpg,162
301_coil_1.jpg,162
302_coil_0.jpg,163
303_coil_1.jpg,163
304_coil_0.jpg,164
305_coil_1.jpg,164
306_coil_0.jpg,165
307_coil_1.jpg,165
308_coil_0.jpg,166
309_coil_1.jpg,166
310_coil_0.jpg,167
311_coil_1.jpg,167
312_coil_0.jpg,168
313_coil_1.jpg,168
314_coil_0.jpg,169
315_coil_1.jpg,169
316_coil_0.jpg,170
317_coil_1.jpg,170
318_coil_0.jpg,171
319_coil_1.jpg,171
320_coil_0.jpg,172
321_coil_1.jpg,172
322_coil_0.jpg,173
323_coil_1.jpg,173
324_coil_0.jpg,174
325_coil_1.jpg,174
326_coil_0.jpg,175
327_coil_1.jpg,175
328_coil_0.jpg,176
329_coil_1.jpg,176
330_coil_0.jpg,177
331_coil_1.jpg,177
332_coil_0.jpg,178
333_coil_1.jpg,178
334_pitcher_0.jpg,179
335_pitcher_1.jpg,179
336_pitcher_0.jpg,180
337_pitcher_1.jpg,180
338_pitcher_0.jpg,181
339_pitcher_1.jpg,181
340_pitcher_0.jpg,182
341_pitcher_1.jpg,182
342_pitcher_0.jpg,183
343_pitcher_1.jpg,183
344_pitcher_0.jpg,184
345_pitcher_1.jpg,184
346_pitcher_0.jpg,185
347_pitcher_1.jpg,185
348_pitcher_0.jpg,186
349_pitcher_1.jpg,186
350_pitcher_0.jpg,187
351_pitcher_1.jpg,187
352_pitcher_0.jpg,188
353_pitcher_1.jpg,188
354_pitcher_0.jpg,189
355_pitcher_1.jpg,189
356_pitcher_0.jpg,190
357_pitcher_1.jpg,190
358_pitcher_0.jpg,191
359_pitcher_1.jpg,191
360_pitcher_0.jpg,192
361_pitcher_1.jpg,192
362_pitcher_0.jpg,193
363_pitcher_1.jpg,193
364_pitcher_0.jpg,194
365_pitcher_1.jpg,194
366_pitcher_0.jpg,195
367_pitcher_1.jpg,195
368_pitcher_0.jpg,196
369_pitcher_1.jpg,196
370_pitcher_0.jpg,197
371_pitcher_1.jpg,197
372_pitcher_0.jpg,198
373_pitcher_1.jpg,198
374_pitcher_0.jpg,199
375_pitcher_1.jpg,199
376_pitcher_0.jpg,200
377_pitcher_1.jpg,200
378_pitcher_0.jpg,201
379_pitcher_1.jpg,201
380_pitcher_0.jpg,202
381_pitcher_1.jpg,202
382_pitcher_0.jpg,203
383_pitcher_1.jpg,203
384_pitcher_0.jpg,204
385_pitcher_1.jpg,204
386_pitcher_0.jpg,205
387_pitcher_1.jpg,205
388_pitcher_0.jpg,206
389_pitcher_1.jpg,206
390_pitcher_0.jpg,207
391_pitcher_1.jpg,207
392_pitcher_0.jpg,208
393_pitcher_1.jpg,208
394_pitcher_0.jpg,209
395_pitcher_1.jpg,209
396_pitcher_0.jpg,210
397_pitcher_1.jpg,210
398_pitcher_0.jpg,211
399_pitcher_1.jpg,211
400_pitcher_0.jpg,212
401_pitcher_1.jpg,212
402_pitcher_0.jpg,213
403_pitcher_1.jpg,213
404_pitcher_0.jpg,214
405_pitcher_1.jpg,214
406_pitcher_0.jpg,215
407_pitcher_1.jpg,215
408_pitcher_0.jpg,216
409_pitcher_1.jpg,216
410_pitcher_0.jpg,217
411_pitcher_1.jpg,217
412_pitcher_0.jpg,218
413_pitcher_1.jpg,218
414_pitcher_0.jpg,219
415_pitcher_1.jpg,219
416_pitcher_0.jpg,220
417_pitcher_1.jpg,220
418_pitcher_0.jpg,221
419_pitcher_1.jpg,221
420_pitcher_0.jpg,222
421_pitcher_1.jpg,222
422_pitcher_0.jpg,223
423_pitcher_1.jpg,223
424_pitcher_0.jpg,224
425_pitcher_1.jpg,224
426_pitcher_0.jpg,225
427_pitcher_1.jpg,225
428_pitcher_0.jpg,226
429_pitcher_1.jpg,226
430_pitcher_0.jpg,227
431_pitcher_1.jpg,227
432_pitcher_0.jpg,228
433_pitcher_1.jpg,228
434_pitcher_0.jpg,229
435_pitcher_1.jpg,229
436_pitcher_0.jpg,230
437_pitcher_1.jpg,230
438_pitcher_0.jpg,231
439_pitcher_1.jpg,231
440_pitcher_0.jpg,233
441_pitcher_1.jpg,233
442_pitcher_0.jpg,234
443_pitcher_1.jpg,234
444_remote_0.jpg,235
445_remote_1.jpg,235
446_remote_0.jpg,236
447_remote_1.jpg,236
448_remote_0.jpg,237
449_remote_1.jpg,237
450_remote_0.jpg,238
451_remote_1.jpg,238
452_remote_0.jpg,239
453_remote_1.jpg,239
454_remote_0.jpg,240
455_remote_1.jpg,240
456_remote_0.jpg,241
457_remote_1.jpg,241
458_remote_0.jpg,242
459_remote_1.jpg,242
460_remote_0.jpg,243
461_remote_1.jpg,243
462_remote_0.jpg,244
463_remote_1.jpg,244
464_remote_0.jpg,245
465_remote_1.jpg,245
466_remote_0.jpg,246
467_remote_1.jpg,246
468_remote_0.jpg,247
469_remote_1.jpg,247
470_remote_0.jpg,248
471_remote_1.jpg,248
472_remote_0.jpg,249
473_remote_1.jpg,249
474_remote_0.jpg,250
475_remote_1.jpg,250
476_remote_0.jpg,251
477_remote_1.jpg,251
478_remote_0.jpg,252
479_remote_1.jpg,252
480_remote_0.jpg,253
481_remote_1.jpg,253
482_remote_0.jpg,254
483_remote_1.jpg,254
484_remote_0.jpg,255
485_remote_1.jpg,255
486_remote_0.jpg,256
487_remote_1.jpg,256
488_remote_0.jpg,257
489_remote_1.jpg,257
490_remote_0.jpg,258
491_remote_1.jpg,258
492_remote_0.jpg,259
493_remote_1.jpg,259
494_remote_0.jpg,260
495_remote_1.jpg,260
496_remote_0.jpg,261
497_remote_1.jpg,261
498_remote_0.jpg,262
499_remote_1.jpg,262
500_remote_0.jpg,263
501_remote_1.jpg,263
502_remote_0.jpg,264
503_remote_1.jpg,264
504_remote_0.jpg,265
505_remote_1.jpg,265
506_remote_0.jpg,266
507_remote_1.jpg,266
508_remote_0.jpg,267
509_remote_1.jpg,267
510_remote_0.jpg,268
511_remote_1.jpg,268
512_remote_0.jpg,269
513_remote_1.jpg,269
514_remote_0.jpg,270
515_remote_1.jpg,270
516_remote_0.jpg,271
517_remote_1.jpg,271
518_remote_0.jpg,272
519_remote_1.jpg,272
520_remote_0.jpg,273
521_remote_1.jpg,273
522_remote_0.jpg,274
523_remote_1.jpg,274
524_remote_0.jpg,275
525_remote_1.jpg,275
526_remote_0.jpg,276
527_remote_1.jpg,276
528_remote_0.jpg,277
529_remote_1.jpg,277
530_remote_0.jpg,278
531_remote_1.jpg,278
532_remote_0.jpg,279
533_remote_1.jpg,279
534_remote_0.jpg,280
535_remote_1.jpg,280
536_remote_0.jpg,281
537_remote_1.jpg,281
538_remote_0.jpg,282
539_remote_1.jpg,282
540_remote_0.jpg,283
541_remote_1.jpg,283
542_remote_0.jpg,284
543_remote_1.jpg,284
544_remote_0.jpg,285
545_remote_1.jpg,285
546_remote_0.jpg,286
547_remote_1.jpg,286
548_remote_0.jpg,287
549_remote_1.jpg,287
550_remote_0.jpg,288
551_remote_1.jpg,288
552_soapdispenser_0.jpg,289
553_soapdispenser_1.jpg,289
554_soapdispenser_0.jpg,290
555_soapdispenser_1.jpg,290
556_soapdispenser_0.jpg,291
557_soapdispenser_1.jpg,291
558_soapdispenser_0.jpg,292
559_soapdispenser_1.jpg,292
560_soapdispenser_0.jpg,293
561_soapdispenser_1.jpg,293
562_soapdispenser_0.jpg,294
563_soapdispenser_1.jpg,294
564_soapdispenser_0.jpg,295
565_soapdispenser_1.jpg,295
566_soapdispenser_0.jpg,296
567_soapdispenser_1.jpg,296
568_soapdispenser_0.jpg,297
569_soapdispenser_1.jpg,297
570_soapdispenser_0.jpg,298
571_soapdispenser_1.jpg,298
572_soapdispenser_0.jpg,299
573_soapdispenser_1.jpg,299
574_soapdispenser_0.jpg,300
575_soapdispenser_1.jpg,300
576_soapdispenser_0.jpg,301
577_soapdispenser_1.jpg,301
578_soapdispenser_0.jpg,302
579_soapdispenser_1.jpg,302
580_soapdispenser_0.jpg,303
581_soapdispenser_1.jpg,303
582_soapdispenser_0.jpg,305
583_soapdispenser_1.jpg,305
584_soapdispenser_0.jpg,306
585_soapdispenser_1.jpg,306
586_soapdispenser_0.jpg,311
587_soapdispenser_1.jpg,311
588_soapdispenser_0.jpg,312
589_soapdispenser_1.jpg,312
590_soapdispenser_0.jpg,313
591_soapdispenser_1.jpg,313
592_soapdispenser_0.jpg,314
593_soapdispenser_1.jpg,314
594_soapdispenser_0.jpg,315
595_soapdispenser_1.jpg,315
596_soapdispenser_0.jpg,316
597_soapdispenser_1.jpg,316
598_soapdispenser_0.jpg,319
599_soapdispenser_1.jpg,319
600_soapdispenser_0.jpg,320
601_soapdispenser_1.jpg,320
602_soapdispenser_0.jpg,321
603_soapdispenser_1.jpg,321
604_soapdispenser_0.jpg,322
605_soapdispenser_1.jpg,322
606_soapdispenser_0.jpg,323
607_soapdispenser_1.jpg,323
608_soapdispenser_0.jpg,325
609_soapdispenser_1.jpg,325
610_soapdispenser_0.jpg,326
611_soapdispenser_1.jpg,326
612_soapdispenser_0.jpg,327
613_soapdispenser_1.jpg,327
614_soapdispenser_0.jpg,328
615_soapdispenser_1.jpg,328
616_soapdispenser_0.jpg,329
617_soapdispenser_1.jpg,329
618_soapdispenser_0.jpg,330
619_soapdispenser_1.jpg,330
620_soapdispenser_0.jpg,331
621_soapdispenser_1.jpg,331
622_soapdispenser_0.jpg,332
623_soapdispenser_1.jpg,332
624_soapdispenser_0.jpg,333
625_soapdispenser_1.jpg,333
626_soapdispenser_0.jpg,334
627_soapdispenser_1.jpg,334
628_soapdispenser_0.jpg,335
629_soapdispenser_1.jpg,335
630_soapdispenser_0.jpg,336
631_soapdispenser_1.jpg,336
632_soapdispenser_0.jpg,337
633_soapdispenser_1.jpg,337
634_soapdispenser_0.jpg,338
635_soapdispenser_1.jpg,338
636_soapdispenser_0.jpg,339
637_soapdispenser_1.jpg,339
638_soapdispenser_0.jpg,340
639_soapdispenser_1.jpg,340
640_soapdispenser_0.jpg,341
641_soapdispenser_1.jpg,341
642_soapdispenser_0.jpg,342
643_soapdispenser_1.jpg,342
644_soapdispenser_0.jpg,343
645_soapdispenser_1.jpg,343
646_soapdispenser_0.jpg,344
647_soapdispenser_1.jpg,344
648_soapdispenser_0.jpg,345
649_soapdispenser_1.jpg,345
650_soapdispenser_0.jpg,346
651_soapdispenser_1.jpg,346
652_soapdispenser_0.jpg,347
653_soapdispenser_1.jpg,347
654_sodacan_0.jpg,348
655_sodacan_1.jpg,348
656_sodacan_0.jpg,349
657_sodacan_1.jpg,349
658_sodacan_0.jpg,350
659_sodacan_1.jpg,350
660_sodacan_0.jpg,351
661_sodacan_1.jpg,351
662_sodacan_0.jpg,352
663_sodacan_1.jpg,352
664_sodacan_0.jpg,353
665_sodacan_1.jpg,353
666_sodacan_0.jpg,354
667_sodacan_1.jpg,354
668_sodacan_0.jpg,355
669_sodacan_1.jpg,355
670_sodacan_0.jpg,356
671_sodacan_1.jpg,356
672_sodacan_0.jpg,357
673_sodacan_1.jpg,357
674_sodacan_0.jpg,358
675_sodacan_1.jpg,358
676_sodacan_0.jpg,359
677_sodacan_1.jpg,359
678_sodacan_0.jpg,361
679_sodacan_1.jpg,361
680_sodacan_0.jpg,362
681_sodacan_1.jpg,362
682_sodacan_0.jpg,363
683_sodacan_1.jpg,363
684_sodacan_0.jpg,364
685_sodacan_1.jpg,364
686_sodacan_0.jpg,366
687_sodacan_1.jpg,366
688_sodacan_0.jpg,367
689_sodacan_1.jpg,367
690_sodacan_0.jpg,368
691_sodacan_1.jpg,368
692_sodacan_0.jpg,369
693_sodacan_1.jpg,369
694_sodacan_0.jpg,370
695_sodacan_1.jpg,370
696_sodacan_0.jpg,371
697_sodacan_1.jpg,371
698_sodacan_0.jpg,372
699_sodacan_1.jpg,372
700_sodacan_0.jpg,373
701_sodacan_1.jpg,373
702_sodacan_0.jpg,374
703_sodacan_1.jpg,374
704_sodacan_0.jpg,375
705_sodacan_1.jpg,375
706_sodacan_0.jpg,376
707_sodacan_1.jpg,376
708_sodacan_0.jpg,377
709_sodacan_1.jpg,377
710_sodacan_0.jpg,378
711_sodacan_1.jpg,378
712_sodacan_0.jpg,379
713_sodacan_1.jpg,379
714_sodacan_0.jpg,380
715_sodacan_1.jpg,380
716_sodacan_0.jpg,382
717_sodacan_1.jpg,382
718_sodacan_0.jpg,383
719_sodacan_1.jpg,383
720_sodacan_0.jpg,384
721_sodacan_1.jpg,384
722_sodacan_0.jpg,385
723_sodacan_1.jpg,385
724_sodacan_0.jpg,386
725_sodacan_1.jpg,386
726_sodacan_0.jpg,387
727_sodacan_1.jpg,387
728_sodacan_0.jpg,388
729_sodacan_1.jpg,388
730_sodacan_0.jpg,389
731_sodacan_1.jpg,389
732_sodacan_0.jpg,390
733_sodacan_1.jpg,390
734_sodacan_0.jpg,392
735_sodacan_1.jpg,392
736_sodacan_0.jpg,393
737_sodacan_1.jpg,393
738_sodacan_0.jpg,394
739_sodacan_1.jpg,394
740_sodacan_0.jpg,395
741_sodacan_1.jpg,395
742_sodacan_0.jpg,396
743_sodacan_1.jpg,396
744_sodacan_0.jpg,399
745_sodacan_1.jpg,399
746_sodacan_0.jpg,400
747_sodacan_1.jpg,400
748_sodacan_0.jpg,401
749_sodacan_1.jpg,401
750_sodacan_0.jpg,402
751_sodacan_1.jpg,402
752_waterbottle_0.jpg,403
753_waterbottle_1.jpg,403
754_waterbottle_0.jpg,404
755_waterbottle_1.jpg,404
756_waterbottle_0.jpg,405
757_waterbottle_1.jpg,405
758_waterbottle_0.jpg,406
759_waterbottle_1.jpg,406
760_waterbottle_0.jpg,407
761_waterbottle_1.jpg,407
762_waterbottle_0.jpg,408
763_waterbottle_1.jpg,408
764_waterbottle_0.jpg,409
765_waterbottle_1.jpg,409
766_waterbottle_0.jpg,410
767_waterbottle_1.jpg,410
768_waterbottle_0.jpg,411
769_waterbottle_1.jpg,411
770_waterbottle_0.jpg,412
771_waterbottle_1.jpg,412
772_waterbottle_0.jpg,413
773_waterbottle_1.jpg,413
774_waterbottle_0.jpg,414
775_waterbottle_1.jpg,414
776_waterbottle_0.jpg,415
777_waterbottle_1.jpg,415
778_waterbottle_0.jpg,416
779_waterbottle_1.jpg,416
780_waterbottle_0.jpg,417
781_waterbottle_1.jpg,417
782_waterbottle_0.jpg,418
783_waterbottle_1.jpg,418
784_waterbottle_0.jpg,419
785_waterbottle_1.jpg,419
786_waterbottle_0.jpg,421
787_waterbottle_1.jpg,421
788_waterbottle_0.jpg,422
789_waterbottle_1.jpg,422
790_waterbottle_0.jpg,423
791_waterbottle_1.jpg,423
792_waterbottle_0.jpg,424
793_waterbottle_1.jpg,424
794_waterbottle_0.jpg,425
795_waterbottle_1.jpg,425
796_waterbottle_0.jpg,426
797_waterbottle_1.jpg,426
798_waterbottle_0.jpg,427
799_waterbottle_1.jpg,427
800_waterbottle_0.jpg,428
801_waterbottle_1.jpg,428
802_waterbottle_0.jpg,429
803_waterbottle_1.jpg,429
804_waterbottle_0.jpg,430
805_waterbottle_1.jpg,430
806_waterbottle_0.jpg,431
807_waterbottle_1.jpg,431
808_waterbottle_0.jpg,432
809_waterbottle_1.jpg,432
810_waterbottle_0.jpg,433
811_waterbottle_1.jpg,433
812_waterbottle_0.jpg,434
813_waterbottle_1.jpg,434
814_waterbottle_0.jpg,435
815_waterbottle_1.jpg,435
816_waterbottle_0.jpg,436
817_waterbottle_1.jpg,436
818_waterbottle_0.jpg,437
819_waterbottle_1.jpg,437
820_waterbottle_0.jpg,438
821_waterbottle_1.jpg,438
822_waterbottle_0.jpg,439
823_waterbottle_1.jpg,439
824_waterbottle_0.jpg,440
825_waterbottle_1.jpg,440
826_waterbottle_0.jpg,441
827_waterbottle_1.jpg,441
828_waterbottle_0.jpg,442
829_waterbottle_1.jpg,442
830_waterbottle_0.jpg,443
831_waterbottle_1.jpg,443
832_waterbottle_0.jpg,444
833_waterbottle_1.jpg,444
834_waterbottle_0.jpg,445
835_waterbottle_1.jpg,445
836_waterbottle_0.jpg,446
837_waterbottle_1.jpg,446
838_waterbottle_0.jpg,447
839_waterbottle_1.jpg,447
840_waterbottle_0.jpg,448
841_waterbottle_1.jpg,448
842_waterbottle_0.jpg,449
843_waterbottle_1.jpg,449
844_waterbottle_0.jpg,450
845_waterbottle_1.jpg,450
846_waterbottle_0.jpg,451
847_waterbottle_1.jpg,451
848_waterbottle_0.jpg,452
849_waterbottle_1.jpg,452
850_waterbottle_0.jpg,453
851_waterbottle_1.jpg,453
852_waterbottle_0.jpg,454
853_waterbottle_1.jpg,454
854_waterbottle_0.jpg,455
855_waterbottle_1.jpg,455
856_waterbottle_0.jpg,456
857_waterbottle_1.jpg,456
858_waterbottle_0.jpg,457
859_waterbottle_1.jpg,457
860_waterbottle_0.jpg,458
861_waterbottle_1.jpg,458
862_waterbottle_0.jpg,459
863_waterbottle_1.jpg,459
864_waterbottle_0.jpg,460
865_waterbottle_1.jpg,460
866_waterbottle_0.jpg,461
867_waterbottle_1.jpg,461
868_wineglass_0.jpg,462
869_wineglass_1.jpg,462
870_wineglass_0.jpg,463
871_wineglass_1.jpg,463
872_wineglass_0.jpg,464
873_wineglass_1.jpg,464
874_wineglass_0.jpg,465
875_wineglass_1.jpg,465
876_wineglass_0.jpg,466
877_wineglass_1.jpg,466
878_wineglass_0.jpg,467
879_wineglass_1.jpg,467
880_wineglass_0.jpg,468
881_wineglass_1.jpg,468
882_wineglass_0.jpg,470
883_wineglass_1.jpg,470
884_wineglass_0.jpg,471
885_wineglass_1.jpg,471
886_wineglass_0.jpg,472
887_wineglass_1.jpg,472
888_wineglass_0.jpg,473
889_wineglass_1.jpg,473
890_wineglass_0.jpg,474
891_wineglass_1.jpg,474
892_wineglass_0.jpg,475
893_wineglass_1.jpg,475
894_wineglass_0.jpg,476
895_wineglass_1.jpg,476
896_wineglass_0.jpg,478
897_wineglass_1.jpg,478
898_wineglass_0.jpg,479
899_wineglass_1.jpg,479
900_wineglass_0.jpg,481
901_wineglass_1.jpg,481
902_wineglass_0.jpg,484
903_wineglass_1.jpg,484
904_wineglass_0.jpg,485
905_wineglass_1.jpg,485
906_wineglass_0.jpg,486
907_wineglass_1.jpg,486
908_wineglass_0.jpg,487
909_wineglass_1.jpg,487
910_wineglass_0.jpg,488
911_wineglass_1.jpg,488
912_wineglass_0.jpg,489
913_wineglass_1.jpg,489
914_wineglass_0.jpg,490
915_wineglass_1.jpg,490
916_wineglass_0.jpg,492
917_wineglass_1.jpg,492
918_wineglass_0.jpg,493
919_wineglass_1.jpg,493
920_wineglass_0.jpg,494
921_wineglass_1.jpg,494
922_wineglass_0.jpg,495
923_wineglass_1.jpg,495
924_wineglass_0.jpg,496
925_wineglass_1.jpg,496
926_wineglass_0.jpg,498
927_wineglass_1.jpg,498
928_wineglass_0.jpg,499
929_wineglass_1.jpg,499
930_wineglass_0.jpg,500
931_wineglass_1.jpg,500
932_wineglass_0.jpg,501
933_wineglass_1.jpg,501
934_wineglass_0.jpg,502
935_wineglass_1.jpg,502
936_wineglass_0.jpg,503
937_wineglass_1.jpg,503
938_wineglass_0.jpg,504
939_wineglass_1.jpg,504
940_wineglass_0.jpg,505
941_wineglass_1.jpg,505
942_wineglass_0.jpg,506
943_wineglass_1.jpg,506
944_wineglass_0.jpg,507
945_wineglass_1.jpg,507
946_wineglass_0.jpg,508
947_wineglass_1.jpg,508
948_wineglass_0.jpg,509
949_wineglass_1.jpg,509
950_wineglass_0.jpg,510
951_wineglass_1.jpg,510
952_wineglass_0.jpg,511
953_wineglass_1.jpg,511
954_wineglass_0.jpg,512
955_wineglass_1.jpg,512
956_wineglass_0.jpg,513
957_wineglass_1.jpg,513
958_wineglass_0.jpg,514
959_wineglass_1.jpg,514
960_wineglass_0.jpg,515
961_wineglass_1.jpg,515
962_wineglass_0.jpg,516
963_wineglass_1.jpg,516
964_wineglass_0.jpg,517
965_wineglass_1.jpg,517
966_wineglass_0.jpg,518
967_wineglass_1.jpg,518
968_wineglass_0.jpg,519
969_wineglass_1.jpg,519
970_wineglass_0.jpg,520
971_wineglass_1.jpg,520
972_wineglass_0.jpg,521
973_wineglass_1.jpg,521
